syapawohdi,ada7912f-351c-3d58-8344-8e4bb832f1d0
lorgighomqe,4cf78355-b079-30ff-958e-f369f3455092
exomanic,b5e20ef4-e04f-3988-9cbd-890969bf6aa4
zytia,4ba59776-eb4c-39f0-ac65-fbfee71ecf6c
cumimiso309,82fa444f-9d45-3b4f-ae95-ca891b493e8a
kovama,d32083f6-d9f0-38c6-af6f-c1c74ab1a85f
vantv20,4b4fb3ff-4189-3855-a39c-862a0db50f98
welodqoyu,3f9d385e-c118-3819-962e-e38c321c865a
gikuceyqi,f5131062-b9d9-3d63-8d7b-0b6d5a4491f0
denprusak2011,2421cee1-1fce-380b-b569-62563e545fda
orist228,98868204-39a6-38ee-ad94-2636efa6eb7a
alphasmoke27,4814a58e-7ea4-3b6a-af07-9a3517ed77be
maxim15634,1c3de927-9141-38c9-a0b4-ffb3b372072d
senekill,3aba6f41-6e61-3d5b-b311-9935d86eefca
fiw,3f056e96-73d0-35b5-b8a4-f3df9257d169
kikirre,2d724c84-6db1-309f-b452-b461394a93ee
supremmme,8d067f3e-ac2d-31ac-9c24-32c44f0ab3d0
kenkufjuba,f3247370-38ac-3d9b-b0a0-5a995b521e43
pozer,b713396a-f526-383c-8b47-853c8372cb94
tnikgowduta,4f0cf1e8-ceae-3d5e-928a-3292315a8c8d
zriyacu216,3284deff-b569-33b9-8d63-a066d7ae3d0f
dimasonka570,5628f1bf-36d7-3e79-a4c2-c20e5597d47d
rfubobzibo,e4653017-7389-3ff9-9262-ca2b84b7d46a
egorka_rolka,3c71f7d0-3b2b-3b4a-8870-83f145a7275d
maxim2021,8ceadbe2-7586-3096-aa79-e76af7081762
rotompa,d7c9a79d-0573-32c6-ac09-a67fec6ef18c
egorka,c75f4a9a-ee18-39ba-b79f-4e459ff6b1ea
hzikunxaca,e4da60b0-06f0-3eb9-8751-926f4c30e898
qalvonobla,812e2355-ea0c-329f-ac5c-ff8fad2a4354
ayebalbes,1eea140a-584f-37b9-bf5f-0917a3a12b4a
waghere,727beeeb-7261-3bfb-b039-229edcb18d63
cadevo,75032626-0ed9-38fb-b4cc-537395329b5f
zere2011,017d0577-f2fc-3c2a-92e6-e5c18a143710
laratt,b39f2353-f9ba-344e-82ea-33609723eab9
pololcewse,4dee0a56-bba2-3164-ac67-a3508e9a015d
swarsaja,029a3c41-6d1f-3f74-8d2e-cf5903d44381
qzugkixhe292,c46e7e69-e21d-3d76-ab03-c8c9aa92d7f4
revodsosze,68837bb7-654d-3f0c-9115-5c393be9424d
rxozefi,cde5b6da-98fd-36f7-a6f2-6a47dd68f810
hz_kto_ya,35620f8f-f3be-3bb5-bf52-a43758e226b4
atlet_pf,a279e159-ca60-34d3-841b-1fc2a46d7732
denmatsui,ced10d25-80fc-3876-976c-8ffcf65823cb
goroh,d93fb4cb-a96f-3e5c-8fc4-d33d533f9795
onyx377,32b4b85a-0e2a-3929-a65f-1d52b29eff8c
qoqeqofta,768cf501-db16-39ef-b798-349c06f86334
tbujgohre,87528dde-a224-3ecd-9ca0-c460d235a4ef
qosoqyinpi,74abf296-0cf9-3eea-9a4e-85a1b07c61f4
danik228,dfc3fb4f-0eb7-3ddd-b3b1-28f186f61ce7
ahton,dfb512df-8f80-37f8-9b18-31d03a5a5694
grogar1,a3d44035-0688-36b5-9861-b222afe6b8e6
gonpune,46149dc7-e869-362a-b806-d8806f1747bd
txozodlo,959d6417-abbb-3664-88c9-95abcd06eafc
hejuci,46033a52-d427-31e9-af26-521fbff27e43
abdulazizatop1gg,bfc438a8-0832-3d75-85c1-b63be8862b1e
xrahjunifna,4476f284-cafa-3327-83d3-50c0678a8877
helnomuvhi,e81e1a02-2d01-3a8e-8286-47941e5d0bc2
lyukiwtezfi,64fc81dd-d67f-3e22-be53-2df90678743e
pavukpashaa,6a9c1491-f35c-3a66-8023-fc85292a88d1
lsizuthi,ceac3d2a-f717-3886-a742-282273351b85
virti,8b6f1468-371f-328b-9cf6-30c07653fd96
lamala13,8dbcca17-f271-3a34-a6c4-f0858ac50ba2
asya_612,fe7113a2-373b-3b5f-9295-6e03d8f7a457
paradise628,3dfa24f2-aa9a-38c2-b919-2c48c4cae911
niniberba,a01c61b7-0423-328f-a880-b27451a6d9e2
tokaki,4249cf67-c2a0-39c7-acf8-3ec82745c159
gexly2288,794b1aad-068d-30ea-a7b4-aa0b9b4d94be
millkyns,fa284c40-bf5e-37ea-856c-436d9024ee0d
sikmagyoqi807,ac0a50dc-e898-34a5-9706-acd79c04416a
zohexu774,8b305c7d-d474-3304-8c6e-e55fbfaeec43
lowal228,924c683d-fb46-34bc-b642-86c23f1c84cf
artcool,9bcabe8e-f87c-3ea9-a372-8d86cfd500ac
zopotuvi,25cf6013-e12c-39f6-9fc0-c0d9ae07f0bb
bobby1545121,8e6c0221-7f31-3c31-a002-df9f5b0d88c7
makin12,9c181168-4f98-3d34-9453-9bbb6e3656a5
jvulala,930db9b5-1707-3350-a1c5-35121daba7b9
sqerkira,433e7eb1-0350-3b45-b591-b4629a1bafa9
banocivu,ef98d7ef-e758-3b4e-a6a4-fdeeb4809a1f
waynnex,18392961-f6a5-3b74-ab6b-42f988935611
szexubawli,fb37359f-3dad-3c2f-80d5-7c2dde431e9c
vanya1590612,d31e1294-8017-39c9-a7ed-ab16d8b14238
vibepawi,3227257e-4733-3031-b1f2-f46b3579e94e
herostar78,daf587ec-9e75-3ac9-9db0-5074037e100d
pcizojne,2e820fde-9d79-3b42-9b42-f7fa86b0306e
ivalin12341,54d51768-77fa-3a9c-ab69-182dc7b44bc2
tjatjayfebu,ad1013d6-6b25-34ee-b95a-65024d799a4c
vavguna,25530855-0006-3d52-9895-9aebf87ee27d
simvaho,384d4724-523a-36cb-ac55-af60a8a1de81
lluftiriri,3338e98b-bd3c-3dc2-b86f-34eb8c8bb510
_hinata_se,5d186098-d0b8-330e-90f1-6a00b0fc445c
boi4ik,05f28622-2254-334a-9fc9-86545440b365
zhapazhaxba,107cfb80-410b-37da-81bb-5f325c345e91
4oxikyt,8d1b409b-9007-3f44-a5a6-7141a9228734
dasha,ba1bdb31-9bd2-3916-ac9c-406902bd1a51
rifpopmeju678,7fa574a9-b097-34c8-b61f-d9d8d6f03061
tefzutelu,18631ed9-0abd-3d0d-ba51-a111e7791ded
macafa,94fa9e16-e9b1-32de-b914-5b5a36fe26dc
viyivina368,fc96394e-35b1-342f-a53c-5639c5dff2b3
yeycaycati,7d24a2e6-be01-3204-bf6b-7910901b5821
nejoweqze,dc507656-f342-35a7-811f-3d82c1251635
melinda,8ac64aad-4ded-390a-8b2e-e816a852ad15
mhamhaxzu,611869cd-6970-3718-b6a1-c2416739dc3e
yiyumi,8d5cc148-98ee-382b-9e6d-5e29a0896ab2
kuxofi103,48ffca9a-47f2-3333-8300-1c56969ed30c
mcagbesu162,86b23b92-73bc-3e15-aa7d-6074b6a0d597
tqajeqi,ea231153-de41-387c-8504-44cea178523a
lxevimkeko,16ef1c56-95e2-3da6-b0ba-ed3cb56cdcf7
qogosu404,aa78323e-6886-31c7-a4d8-49c391b9dfd8
9_xto_a,524fac47-48b9-31f6-9aca-70ec185bcc1a
norixx,376a42b8-f763-359c-a534-3a5ef7903d20
denpro77,6291021d-5e06-3c9a-b77a-3c7b8284f79b
vzekaka,114903c3-b2c6-3b73-8963-8164171f1fc7
buvovo724,415b6fb0-f33c-3afc-bbc8-70f43b57f022
iwnociw,2ee8cc65-1519-34c8-84ce-a6ed1b3ea9b6
pirozho4eg,5048cd8f-66a6-3cff-b555-da3fbfc1b1d9
hkuhkufi,2e224823-0a43-332c-9221-88095dfe31c5
swat1x,303cf8cd-3f85-32c1-a107-336311af2889
hdatahha893,beac0148-a558-389d-88ce-4d007e668bf8
nxxyasi,f4dcb2a0-c27f-3713-825b-aafc08dfc57e
cazzer13,b7720774-7133-3f1d-a3e6-7f5563e309aa
kirill227676,9e88d4a5-4a38-3966-87cd-4e369ab3c4ad
wehoho,842b6bfb-e474-3820-8ddc-1e9e0d8666ba
gihobechi,9f96086e-564a-3225-8318-b45c77867742
ruslanminer228,525175b0-f611-3139-a69d-aeec328388e6
vokdeluli,ac86165b-74a8-3581-a560-4d11096666b8
xd_deidara,d0320735-4e5c-30e8-b10d-7edf8aec8a7e
xd_sasori,1bb292cd-0d93-3308-a477-e4bb396d3394
gagage413,2f41f6dc-0b88-3aeb-be3e-620dee2cf4b8
lemonstars6744,ba2569f4-4691-32c0-a0e9-e21cd505cfa0
xurori,2c50eb2c-8c9a-31d3-bd10-85d947961c06
elias2k,c1d13d42-990b-32b0-840d-ace2d35ea4a1
yaduzoxfo,f5531f7f-355f-3492-a30f-e38208b7577f
huxuyna,64eceaa2-cf15-39e4-a84c-ebd4e7abf33b
zetlerosi,3dbaf3f9-166c-3f41-bcc0-eb2729acad36
timi,8b0ddaa8-4223-37ec-95aa-f22931f05d43
zdavuyo,d80eaf6b-56c1-3d3b-95ed-aab3a9e12bd5
iffy_chan,9c9bf0a8-c8c3-38ae-9396-f9d65b5e7ab0
zsoletu681,31b68cd1-1159-3349-b5fe-3e3ab961b639
nadxodsijpe,900cf1db-76df-377a-a30c-f376ecf2faba
yjegximhi,d448f702-ac46-3b63-9010-75efdeaeb564
vsayawa,cf580b4a-4d40-3b7b-a075-ae8252905544
dlagivqofje798,d8f49002-bce3-383a-86a7-4f2eb058011d
madara_2,31bff289-642b-3dde-82dc-f0677c21404c
mirovoy_rekord,d2e2c315-8ddd-323b-94b1-3b4c9e2e2bc9
wartrah,febe4cb7-0ab9-3e8a-b281-7e40ead26796
chopardyt,5191610f-98ea-30b5-9cf0-34c24beb2ac6
steronso,3b5c1a27-7ac1-3bdb-ba00-fdedcb9f29f6
dufaro,f6a2fc11-193c-39be-9830-88a4bb31f273
nukorejqi,487928ee-fbff-308a-9e5f-90047383d517
scezlamesce483,393981ef-2259-333f-b4f2-ceb116c00d88
xhefebe,9a3bc9e5-7f9d-3353-955b-542cd36931d5
kepler197,64ec25db-d2c7-315e-99ee-7ca982f501a9
wtuycaxda,959d6994-5f48-3cb9-8205-ef7fd262bd78
_egorka_,3f0064c6-67df-3cfd-bb62-499766a68038
dominator2010a,6524762c-c7bc-3b71-90dd-b94aa654b014
selozco,83b52871-56bf-3383-b91d-a2dac662fda8
bozesi,32ab6361-68a5-3347-9a7b-2c7d5b3cb3d6
fevinurke,e83904e5-efa8-3fae-a143-9ee7b91caf4f
_milko_,93e7ff2f-1d5e-31df-9d4b-03b0fc256967
76_57,56b0637d-9b97-36d0-a44b-f56972e0b71b
kiriecshka,cb1f7eb5-2f1e-3468-848c-900243dee8b6
howozbe59,03ee7ad2-7166-3dda-9827-4486e78f8000
ilya_237685456,d21603e2-8a89-3b2a-90c0-8772cd1b4148
romich0208,7db9b1de-0de0-398c-927d-54900e7fae47
kseon005,0ab4fc14-1cdb-3227-b0e1-6f1610b1ae38
vmukivmu,e324c072-7d5b-37c7-8c3a-f501ab8e9f75
kiwdofro,de59e937-445d-3c74-90bd-cadafd9f404a
wimine,7fee8a36-d4cf-3ddd-ba71-44e5bdc05d49
hentai_kawaii,7f945850-5153-334b-820c-51028472e886
electronick_mix,ec8e7a9f-7b4f-3d52-9a28-0ce17db9f1a8
kotangens,01c04c84-4875-3e23-a199-e2309013de2d
xgroza,43e72c33-f6ef-30fd-8273-19b85dbdda95
lugdake,c5a1d662-247d-304f-b7cc-d10f24eb2349
pisslord,5fcac874-b242-3c5d-a3e0-c091185f9a5b
louisyt,b1523236-5cc0-3d7b-be18-8dcb056f0fd1
jjuhada,b263319b-3b2f-3323-9251-bd5d3df12613
renmicva500,af04714a-8840-3cfc-aa72-e66f8d6c20eb
jeqefo,f4e1f418-c333-3c29-b6cf-087e7befaac1
seyvodnomci,5b874f09-f143-3769-bbe0-bac18f3edb44
yugusxu,c7bdca31-77b0-3b27-a056-fb89b9b4740a
outsider,40f1e688-4a40-3efa-9dce-d887939ddc9e
jejeje221,42eda4a7-56cc-303c-8108-0b7d98d1681c
qqezeralo,2bf1fc99-2e5d-3743-974c-fce3eff97e54
tovletuqyo,459f8e3f-17fc-338f-98b9-185ba06e1db0
valorant_top,0d13d647-2a79-3ad9-991b-4c10b2a664d6
stranik123,e58be083-c227-3402-a536-6f1815c5411d
hizlohi,fe5100ee-444e-3d05-8100-9d8fd194e902
wdagaxa,07782082-7e07-37bd-bb6e-6edf03c09aa7
archipro777,03bddad0-3e31-3790-b788-02de1b963b7d
bedxeplife,af6df35e-d722-3567-8c9f-5ad1b9d1b007
misha98312,254cf82a-c21a-3219-a35a-5fc0c640afa5
ytdomer,83892f73-6c03-37b3-9aaf-f80d6f9119c0
lacoro,f6a1cea5-d27f-364a-ae3a-99b0c40b5763
den_del_,deb3c093-417d-3424-a9b8-f7baf518c8c7
bpatabpa,e2e7e7d7-4921-3977-8817-17c97761551a
cvunapu,979a941b-8d12-3fad-abd8-03227f4717e5
irnest_top_228,2101ba2f-f760-38a8-852e-cd25a9b4333c
hamuciyo390,ca574d27-3d1f-3ecb-8415-3c50dad30324
liza,ee79406e-493d-368c-8041-380f20befd02
tunuvuno,123b7649-fd87-3e97-87f2-70eb4e9e4d3c
irasa,4e03af43-7231-3d48-ba62-34397283d555
nagciksuzsi,7869cc61-967b-375c-8929-16aeb998028c
fwagihefwa,2a2e0f0b-6419-3bd0-8d47-bb1acfedf90c
diqrifaze,6bd57c37-c803-347a-8470-0fd634b2851b
bot5,957bd75a-2799-3660-aa34-d1833e9c00b3
bot6,88f0f096-1002-3386-8cc0-5371a30bd66f
bot3,73f370b4-497b-347a-a6bb-50d07eb88947
bot4,c760baae-cdc1-3595-98d0-c7a6e074d851
xinser,ecc85c38-bf9a-3df8-9829-b9a3573804f4
bot1,51a4b33d-8b80-3bde-806f-de4086b03058
pinoymat377,e4253efe-07db-33b6-b5ea-30c23845b274
bot2,16beaa94-ff1b-37a7-8afb-c22dcb8c16d1
max,0af4a8ed-17a6-3430-a78c-b458862e3261
tsugumoshi,dcc2e13b-9e24-35b9-895d-51058f4e258c
bot0,ee2337bd-ef1b-3585-94ad-53fcd1977dd2
kikozo,67266078-78e3-38e6-8ea8-e6c884788108
lizecia,290fc10d-b7b0-3fce-8a79-5f94076fe276
sacbeyu,cb3f1bf7-f2d0-3cc7-9d45-11379cbf6a32
nastypanda_100,83401cae-52cb-3cef-bd25-bbcbcedbcc5a
itachi_uchia,728094d7-5a33-37dc-9f58-39a541aaf7b7
ripzuse,fa9edd05-2304-3d1c-b0bc-705bee91d9c3
chara2271413,a7aafb82-0231-3b31-a51f-c08e1132a33b
mxeqtudada,35c9a200-6495-3721-8afc-91f4574f0d5d
knucklesplays97,7709a26a-f9bf-3d9e-813f-756006b68346
nokfijo,ea4be837-8151-374c-8fc1-d2071ba35f56
playsiks,112d49ca-1849-34b8-9eab-0c4e0b62776e
vlanumi,921e3972-a066-333b-a142-cc09bdc3dfda
bot9,84789adf-47f8-367c-b639-0544ccf93ad2
qmeteqme813,6307f5fa-e3ee-3470-945d-281d4b18bfbc
bot7,9aa06467-c242-3704-9d28-2b9ef52e9d26
bot8,a2aded80-15d4-38c5-8a6f-e532eedf9bde
4haz2k,583d4e57-3faa-3577-9892-956a1eaad113
drum,d4739d2e-0018-34f6-8acd-0adb6b38ed76
fofinufo,617dfe2d-2d6d-3a65-aadd-82211f2ee907
koyodjipi,8a71b64a-a248-397b-b1b1-375d71b36123
kisuytu424,e5b5b682-5790-367f-8c54-59017889d445
pradigg,f798fad7-7287-3bb9-b1e5-e18ffd5b937e
flowerbind,90dbdd0e-f93f-3d1c-bd28-82390e29dfc6
pizdosi,45a6fa82-ec7c-3519-a20a-147f4364631e
tzelaje51,2fe951a9-0bea-3b74-96ab-b758c1246dc5
senekkill,892d8fbe-a2ef-3e8e-be9f-59ae87a24e78
ankoru,0cd03bc2-f5d1-3c85-a876-37f4ed3ba378
kacepxegdi,296e2c87-b01d-3d3a-93e0-8fbbb3f7485c
slosloxomu,9f4ade1e-41af-3af2-be06-1677c2dc250e
dibkafvi,b99bac4b-6675-3e52-be50-f489aa55a23e
www,9463acd6-7ae7-34d5-9d5c-b125f3c68c46
yzuyevzi369,bfe7cc66-2db9-3780-a828-7391a68f6425
alik_7906,a1c96355-2b25-33f0-9364-ef0ad1e2b001
mxuvumdu,f6bbc9c7-176f-3671-91e0-fd658f2195f6
yascescekze,5454ea55-8ff9-3c4b-881f-8dc57dbeda4d
wexmukatyi997,9206c8fd-2d84-31ea-a81f-e6f6206c232a
kinirbo,6619cd12-46a6-3b13-82ae-537b9da30032
limbo_02,e2ab5f4c-e8e3-30a8-b5f0-30ad6b9592da
hhohunosi,451c01fa-844d-334c-8a1e-77d4ea98f4cb
slayerbuilder60,5f70e645-d00e-3267-8e1a-a4f358acd825
yahetboi,89b0cef8-ac17-34ab-8b5d-d7f74e5da4eb
olh123,bbc1ee69-3ad5-3d99-b1ef-60b372b091f6
lesugi,6614402b-1581-3b2a-a937-f46ae6352a06
beguthofqu,c209b1ba-4918-3890-870e-9a068552c43b
forexpi,3a8f3026-950a-34db-a4a4-7fb0e0a04098
bot13,0685a1bc-d22d-3055-b860-88b198c1a2c2
sosiska323,afbb1ac2-cac5-38e7-8f69-f0b113eb354d
bot12,d1b6b006-dda2-300d-82c6-b45b3c57f0d4
bot15,8760a068-783d-3a3f-9b76-d3d4e0d6745e
limntrexfeed,0e5c1156-a3ca-35b4-84a6-fd3bb9fe1264
bot14,611d3f14-4877-3dbb-8d40-ab6a074c914d
bot17,3ef33022-674b-3084-a65c-2c10160c0032
wgujabe,4ee71337-5bd9-3e08-a27c-5291e1778e01
bot16,ef73d3ac-37cd-3dd5-8cfc-4dbbd1edd821
bot19,d2bb8e6b-93cc-3625-a4fd-9447af52a436
bot18,c8c9bfd6-8b01-3923-952e-74536f6e7be2
rvt2,ea3c84d8-34cb-3ecb-b4d9-98ee4edd4a51
fgamubipo430,3a885313-6674-3e95-af2b-8957b8c0484d
whiteog,2d9bdc17-fadd-3be8-8a04-200866504ffe
hedviwmo,8b752d10-7cdc-3b34-bc8f-699c3549930f
bot11,1197a1e1-1f22-395d-ae93-9836bfcec466
bot10,dd0e24e4-744e-3f4c-97dc-32ceefa9fdd7
pzocaxqu,14d93365-1104-3759-8876-63902ac11ff5
mrandeyt,72aa3965-df52-3dd8-b310-c31b6e8b068a
pulyejti,ce6bf074-3f0c-372b-8b16-7729af2daa7f
rivgad,1d46db05-281c-33d1-9eeb-177fcc54c849
teperyaemo,5fce8145-2256-3bab-a070-d0fa43b608dc
hawraqa,5a69036b-be44-39cc-9026-860310db7cc6
dgybadyba,74f68855-0555-3320-8e9a-d930adbdd2cf
bot24,213529b1-842e-387b-844b-0ceb4da44fa6
bot23,4bed3014-3d38-3d24-b552-e7e0414f54a5
duvseyela,3324956a-522c-3a03-afef-09474b9a982b
bfiraku,7f7de04c-a4d9-3d2f-9139-f2b3fb6591e7
bot25,e531232d-50da-3758-b66a-f8d7ccea92c2
fotipebdi,5defeb8b-f135-3611-a8f2-c7a88329f776
kot_232904,1c13b6e9-037a-3087-9720-3f0706d10d7b
herostar10,95e212b4-18cd-376d-9b9c-c084c131209d
jxojecalnu,064ef22e-29c5-3c11-91a0-703dccf13021
merbejwo,4e5de884-2871-3a3c-a785-6e87bcfeef08
koqwuko,48111d71-e67d-34eb-bb80-ce8f74810c43
bot20,95d3d273-86a4-3189-a5ea-5db62fc595c7
bot22,c191f968-26fc-3ffb-92b3-1ba1749a805d
bot21,b7ccb05e-738a-32e8-9eb0-8b3b7f3b8024
kqoberoku,e2eb2b3c-fdf2-3827-8694-1ed191e1c62d
ludafi,0434e30b-46a6-3686-9a29-246c96480bd1
fafaje,444a41b0-4102-3685-ac94-71246477934a
lhilhilaro,4114e1f8-eb46-3a44-81bb-a137d6494f73
pesxazjuhki541,73043c89-82e1-3d64-9ed5-02e58e40ab78
jekaigroman,5a6e2e2c-9032-3e4e-9898-101e7939af10
wezulko,c4cc7a2c-9c92-362a-968d-8d018094af34
topqoxza,17406339-4557-3463-9e62-7a40ca1dc6d9
valkiria357,bc828046-606f-31ff-a051-1400b2af63c7
hcizeki,1ee25870-6e6a-393f-b2a3-472978e24671
abama_win,361b75ff-72a7-380b-b112-e1f7e0e5a95f
lbuhgegsa,84b6ce7b-6abc-3b4e-830b-1534860154f5
loginshadow_yt,53542d2c-0f0d-3815-9526-3bab1d397907
fizwezweba,8cc5068a-628f-389d-9cdf-5e7e5edc445f
itachi,c717d39a-a3b9-34f1-a41d-98234d42bea8
cawado354,57245b7d-e216-3df1-ad1f-9c728feff1e6
nutetraza569,39944a86-8f8e-3ea9-b85e-21e22c245568
mr_nay,0e54bfc4-723e-35f8-8cf5-9c5d229261b4
vgv_18,dc0fc9ba-ed47-30cc-8890-982908571078
